[
        {
     "name": "Karan Kapoor",
     "bloodGrp": "B+",
     "contactNumber": "917387460106",
     "emergencyContact1": "918007530200",
     "emergencyContact2": "917387460102",
     "emergencyContact3": "917387460112",
     "insuranceNo": "102128129128121028",
	 "GeoLocation": "18.53100857 73.84438992",
     "vehicleType": "2W",
	 "alarmTaskId": 2,
     "type": "Police",
     "acknowledged": false,
     "status": "URGENT",
     "feedback": null,
	 "alarmCreatedDate": 1497358296856
    },
    {
     "name": "Karan Kapoor",
     "bloodGrp": "B+",
     "contactNumber": "917387460106",
     "emergencyContact1": "918007530200",
     "emergencyContact2": "917387460102",
     "emergencyContact3": "917387460112",
     "insuranceNo": "102128129128121028",
	 "GeoLocation": "18.53100857 73.84438992",
     "vehicleType": "2W",
	 "alarmTaskId": 3,
     "type": "Hospital",
     "acknowledged": false,
     "status": "URGENT",
     "feedback": null,
	 "alarmCreatedDate": 1497358296856
    },
    {
	 "name": "Karan Kapoor",
     "bloodGrp": "B+",
     "contactNumber": "917387460106",
     "emergencyContact1": "918007530200",
     "emergencyContact2": "917387460102",
     "emergencyContact3": "917387460112",
     "insuranceNo": "102128129128121028",
	 "GeoLocation": "18.53100857 73.84438992",
     "vehicleType": "2W",
	 "alarmTaskId": 1,
     "type": "Insurance",
     "acknowledged": false,
     "status": "URGENT",
     "feedback": null,
	 "alarmCreatedDate": 1497358296856
	 }
    ]